[0.5, 0.55, 0.6, 0.65, 0.7, 0.75, 0.8, 0.85, 0.9, 0.95, 1]
0.9090909090909091	0.9090909090909091	0.9090909090909091	0.9090909090909091	0.9090909090909091	0.9090909090909091	0.9090909090909091	0.9090909090909091	0.9090909090909091	0.9090909090909091	0.9090909090909091
0.7619047619047619	0.7619047619047619	0.7619047619047619	0.7619047619047619	0.7619047619047619	0.7619047619047619	0.7619047619047619	0.7619047619047619	0.7619047619047619	0.7619047619047619	0.7619047619047619
0.6774193548387096	0.5806451612903226	0.6451612903225806	0.6451612903225806	0.6451612903225806	0.6451612903225806	0.6129032258064516	0.6129032258064516	0.5806451612903226	0.5806451612903226	0.5806451612903226
167.0	157.0	157.0	157.0	157.0	155.0	149.0	149.0	140.0	140.0	140.0
-----------------------------------------------------
[0.5, 0.55, 0.6, 0.65, 0.7, 0.75, 0.8, 0.85, 0.9, 0.95, 1]
0.9090909090909091	0.9090909090909091	0.9090909090909091	0.8636363636363636	0.8636363636363636	0.8636363636363636	0.8636363636363636	0.8636363636363636	0.8636363636363636	0.8636363636363636	0.8636363636363636
0.7619047619047619	0.7619047619047619	0.7619047619047619	0.7619047619047619	0.7619047619047619	0.7619047619047619	0.7619047619047619	0.7619047619047619	0.7619047619047619	0.7619047619047619	0.7619047619047619
0.6774193548387096	0.6451612903225807	0.6451612903225806	0.6451612903225806	0.6451612903225806	0.6451612903225806	0.6290322580645161	0.6290322580645161	0.6129032258064516	0.6129032258064516	0.6129032258064516
150.5	143.5	149.5	149.0	148.0	147.0	144.0	144.0	139.5	139.5	139.5
-----------------------------------------------------
[0.5, 0.55, 0.6, 0.65, 0.7, 0.75, 0.8, 0.85, 0.9, 0.95, 1]
0.8181818181818182	0.8181818181818182	0.8484848484848485	0.8484848484848485	0.8484848484848485	0.8484848484848485	0.8484848484848485	0.8787878787878788	0.8787878787878788	0.8787878787878788	0.8787878787878788
0.6984126984126983	0.7142857142857143	0.7142857142857143	0.6984126984126983	0.6984126984126983	0.6984126984126983	0.6984126984126983	0.7142857142857143	0.7142857142857143	0.7142857142857143	0.7301587301587301
0.6236559139784946	0.6451612903225806	0.6344086021505376	0.6344086021505376	0.6344086021505376	0.6344086021505376	0.6236559139784946	0.6236559139784946	0.6129032258064516	0.6129032258064516	0.6021505376344086
147.66666666666666	148.0	153.0	149.0	148.33333333333334	147.66666666666666	144.33333333333334	146.0	143.0	143.0	144.33333333333334
-----------------------------------------------------
[0.5, 0.55, 0.6, 0.65, 0.7, 0.75, 0.8, 0.85, 0.9, 0.95, 1]
0.8636363636363636	0.8636363636363636	0.8863636363636364	0.8863636363636364	0.8863636363636364	0.8863636363636364	0.8863636363636364	0.9090909090909091	0.9090909090909091	0.9090909090909091	0.9090909090909091
0.726190476190476	0.7380952380952381	0.7380952380952381	0.726190476190476	0.726190476190476	0.726190476190476	0.726190476190476	0.7380952380952381	0.7380952380952381	0.7380952380952381	0.75
0.6451612903225806	0.6451612903225806	0.6370967741935484	0.6370967741935484	0.6451612903225806	0.6451612903225806	0.6290322580645161	0.6290322580645161	0.6209677419354839	0.6370967741935485	0.6129032258064516
155.25	154.75	159.25	156.25	155.0	154.5	152.5	153.75	151.5	151.0	151.75
-----------------------------------------------------
[0.5, 0.55, 0.6, 0.65, 0.7, 0.75, 0.8, 0.85, 0.9, 0.95, 1]
0.890909090909091	0.890909090909091	0.8909090909090909	0.8909090909090909	0.8909090909090909	0.8909090909090909	0.8909090909090909	0.909090909090909	0.909090909090909	0.909090909090909	0.909090909090909
0.7333333333333332	0.7428571428571429	0.7428571428571429	0.7333333333333332	0.7428571428571427	0.7428571428571427	0.7428571428571427	0.7523809523809524	0.7523809523809524	0.7523809523809524	0.7619047619047619
0.6387096774193548	0.6387096774193548	0.632258064516129	0.632258064516129	0.6387096774193548	0.6387096774193548	0.6193548387096774	0.6193548387096774	0.6129032258064516	0.6258064516129033	0.6064516129032258
146.8	146.4	150.2	147.8	147.4	148.2	146.8	147.8	146.0	145.6	146.2
-----------------------------------------------------
[0.5, 0.55, 0.6, 0.65, 0.7, 0.75, 0.8, 0.85, 0.9, 0.95, 1]
0.893939393939394	0.893939393939394	0.8939393939393939	0.8939393939393939	0.8787878787878788	0.8787878787878788	0.8787878787878788	0.8939393939393939	0.8939393939393939	0.8939393939393939	0.8939393939393939
0.7301587301587301	0.7380952380952381	0.7380952380952381	0.7301587301587301	0.738095238095238	0.738095238095238	0.738095238095238	0.746031746031746	0.7380952380952381	0.7380952380952381	0.746031746031746
0.6236559139784946	0.6290322580645161	0.6236559139784946	0.6182795698924731	0.6290322580645161	0.6290322580645161	0.6129032258064516	0.6129032258064516	0.6075268817204301	0.6182795698924731	0.6021505376344086
150.5	149.5	152.66666666666666	149.83333333333334	149.16666666666666	149.83333333333334	147.83333333333334	148.66666666666666	147.16666666666666	146.83333333333334	147.33333333333334
-----------------------------------------------------
[0.5, 0.55, 0.6, 0.65, 0.7, 0.75, 0.8, 0.85, 0.9, 0.95, 1]
0.8961038961038962	0.8961038961038962	0.8961038961038961	0.8961038961038961	0.8831168831168831	0.8831168831168831	0.8831168831168831	0.8961038961038961	0.8961038961038961	0.8961038961038961	0.8961038961038961
0.727891156462585	0.7414965986394558	0.7482993197278912	0.727891156462585	0.7346938775510203	0.7414965986394557	0.7414965986394557	0.7482993197278912	0.7414965986394558	0.7414965986394558	0.7482993197278912
0.6359447004608294	0.640552995391705	0.6359447004608294	0.6313364055299538	0.640552995391705	0.6359447004608294	0.6221198156682027	0.6267281105990783	0.6221198156682027	0.631336405529954	0.6129032258064516
153.85714285714286	152.71428571428572	156.0	153.71428571428572	152.71428571428572	152.85714285714286	151.14285714285714	152.42857142857142	151.14285714285714	150.85714285714286	151.14285714285714
-----------------------------------------------------
[0.5, 0.55, 0.6, 0.65, 0.7, 0.75, 0.8, 0.85, 0.9, 0.95, 1]
0.8977272727272728	0.8863636363636365	0.8863636363636364	0.8977272727272727	0.8863636363636364	0.8863636363636364	0.8977272727272727	0.9090909090909091	0.8977272727272727	0.8977272727272727	0.8977272727272727
0.738095238095238	0.75	0.7559523809523809	0.738095238095238	0.744047619047619	0.7499999999999999	0.7499999999999999	0.7559523809523809	0.7559523809523809	0.7559523809523809	0.7619047619047619
0.6411290322580645	0.6411290322580645	0.6370967741935484	0.6370967741935484	0.6451612903225806	0.6411290322580645	0.6330645161290323	0.6330645161290323	0.625	0.6330645161290324	0.6169354838709677
157.0	155.75	158.625	153.875	153.0	153.125	150.875	152.375	151.875	151.625	151.875
-----------------------------------------------------
[0.5, 0.55, 0.6, 0.65, 0.7, 0.75, 0.8, 0.85, 0.9, 0.95, 1]
0.8989898989898991	0.8888888888888888	0.8888888888888888	0.9090909090909091	0.8989898989898989	0.8989898989898989	0.9090909090909091	0.9191919191919192	0.9090909090909091	0.9090909090909091	0.9090909090909091
0.7354497354497354	0.746031746031746	0.7513227513227513	0.7407407407407407	0.7460317460317459	0.7513227513227512	0.7513227513227512	0.7566137566137566	0.7566137566137566	0.7566137566137566	0.7671957671957671
0.6451612903225806	0.6451612903225806	0.6415770609318997	0.6344086021505376	0.6415770609318997	0.6379928315412187	0.6308243727598567	0.6308243727598567	0.6236559139784946	0.6308243727598568	0.6164874551971327
156.55555555555554	155.44444444444446	158.0	152.77777777777777	152.0	152.11111111111111	150.11111111111111	151.44444444444446	151.0	150.33333333333334	150.55555555555554
-----------------------------------------------------
[0.5, 0.55, 0.6, 0.65, 0.7, 0.75, 0.8, 0.85, 0.9, 0.95, 1]
0.890909090909091	0.8909090909090909	0.8818181818181818	0.909090909090909	0.8999999999999998	0.8999999999999998	0.909090909090909	0.9181818181818182	0.909090909090909	0.909090909090909	0.909090909090909
0.7476190476190475	0.7476190476190476	0.7619047619047619	0.7428571428571428	0.7523809523809523	0.757142857142857	0.757142857142857	0.7619047619047619	0.7619047619047619	0.7523809523809524	0.7619047619047619
0.6419354838709678	0.6387096774193549	0.6387096774193549	0.635483870967742	0.635483870967742	0.6322580645161291	0.6258064516129033	0.6258064516129033	0.6193548387096774	0.6258064516129034	0.6129032258064517
156.6	156.2	157.7	153.1	151.7	151.8	150.0	151.2	150.8	151.0	151.2
-----------------------------------------------------
[0.5, 0.55, 0.6, 0.65, 0.7, 0.75, 0.8, 0.85, 0.9, 0.95, 1]
0.9008264462809918	0.9008264462809916	0.8925619834710744	0.9173553719008264	0.909090909090909	0.909090909090909	0.9173553719008264	0.9256198347107438	0.9173553719008264	0.9173553719008264	0.9173553719008264
0.7489177489177489	0.7489177489177489	0.7619047619047618	0.7445887445887446	0.7532467532467532	0.7532467532467532	0.7532467532467532	0.7575757575757575	0.7575757575757575	0.7489177489177489	0.7575757575757575
0.6422287390029326	0.6392961876832846	0.6422287390029326	0.6363636363636365	0.6363636363636365	0.6334310850439884	0.6275659824046922	0.6275659824046922	0.621700879765396	0.6275659824046923	0.6158357771260998
152.45454545454547	152.36363636363637	153.54545454545453	149.27272727272728	148.0	148.0	146.36363636363637	147.45454545454547	147.0909090909091	147.27272727272728	147.45454545454547
-----------------------------------------------------
[0.5, 0.55, 0.6, 0.65, 0.7, 0.75, 0.8, 0.85, 0.9, 0.95, 1]
0.9090909090909092	0.9090909090909091	0.9015151515151515	0.9242424242424242	0.9166666666666665	0.9166666666666665	0.9242424242424242	0.9318181818181818	0.9166666666666665	0.9166666666666665	0.9242424242424242
0.75	0.753968253968254	0.7658730158730158	0.746031746031746	0.753968253968254	0.753968253968254	0.753968253968254	0.7579365079365079	0.7579365079365079	0.75	0.7579365079365079
0.64247311827957	0.6397849462365592	0.64247311827957	0.6370967741935485	0.6370967741935485	0.6370967741935485	0.631720430107527	0.631720430107527	0.6236559139784947	0.6290322580645163	0.6182795698924732
150.5	150.16666666666666	151.25	147.5	146.33333333333334	146.5	145.0	146.0	145.58333333333334	145.75	144.75
-----------------------------------------------------
[0.5, 0.55, 0.6, 0.65, 0.7, 0.75, 0.8, 0.85, 0.9, 0.95, 1]
0.9090909090909091	0.909090909090909	0.9020979020979021	0.9230769230769229	0.9160839160839159	0.909090909090909	0.916083916083916	0.9230769230769231	0.909090909090909	0.909090909090909	0.916083916083916
0.750915750915751	0.7509157509157508	0.7619047619047618	0.7435897435897435	0.7509157509157508	0.7545787545787547	0.7509157509157508	0.7545787545787545	0.7545787545787545	0.7472527472527472	0.7545787545787545
0.6401985111662533	0.6377171215880894	0.6401985111662533	0.6352357320099257	0.6352357320099257	0.6327543424317619	0.6277915632754343	0.6277915632754343	0.620347394540943	0.6253101736972706	0.6153846153846155
149.3846153846154	151.07692307692307	152.07692307692307	148.6153846153846	147.53846153846155	147.92307692307693	146.46153846153845	147.3846153846154	147.0	147.15384615384616	146.30769230769232
-----------------------------------------------------
[0.5, 0.55, 0.6, 0.65, 0.7, 0.75, 0.8, 0.85, 0.9, 0.95, 1]
0.9090909090909091	0.909090909090909	0.9025974025974025	0.9220779220779219	0.9155844155844154	0.909090909090909	0.9155844155844155	0.922077922077922	0.909090909090909	0.909090909090909	0.9155844155844155
0.7448979591836735	0.748299319727891	0.7585034013605441	0.7414965986394557	0.7517006802721087	0.7551020408163266	0.7517006802721087	0.7585034013605442	0.7551020408163264	0.748299319727891	0.7551020408163264
0.6359447004608295	0.6336405529953917	0.6359447004608295	0.631336405529954	0.631336405529954	0.6290322580645161	0.6244239631336406	0.6244239631336406	0.6175115207373273	0.6221198156682028	0.6129032258064517
147.5	147.92857142857142	148.85714285714286	145.64285714285714	144.71428571428572	145.07142857142858	143.71428571428572	145.0	144.71428571428572	144.85714285714286	144.07142857142858
-----------------------------------------------------
[0.5, 0.55, 0.6, 0.65, 0.7, 0.75, 0.8, 0.85, 0.9, 0.95, 1]
0.9151515151515152	0.9151515151515149	0.909090909090909	0.9272727272727271	0.921212121212121	0.9151515151515149	0.9212121212121211	0.9212121212121211	0.9151515151515149	0.9151515151515149	0.9151515151515149
0.7460317460317459	0.7492063492063491	0.7587301587301586	0.7428571428571428	0.7523809523809523	0.7555555555555558	0.7523809523809523	0.7555555555555554	0.7555555555555554	0.7492063492063491	0.7555555555555554
0.6344086021505377	0.6322580645161291	0.6344086021505377	0.6301075268817206	0.6301075268817206	0.6279569892473119	0.6258064516129032	0.6258064516129032	0.6193548387096774	0.6236559139784946	0.6150537634408603
144.93333333333334	145.33333333333334	146.2	143.26666666666668	142.4	142.73333333333332	141.53333333333333	142.66666666666666	142.66666666666666	142.8	142.06666666666666
-----------------------------------------------------
[0.5, 0.55, 0.6, 0.65, 0.7, 0.75, 0.8, 0.85, 0.9, 0.95, 1]
0.9147727272727272	0.9147727272727271	0.9147727272727272	0.9318181818181817	0.9261363636363634	0.9204545454545453	0.9261363636363635	0.9261363636363635	0.9204545454545453	0.9204545454545453	0.9204545454545453
0.7470238095238095	0.75	0.7589285714285714	0.7440476190476191	0.7529761904761905	0.7559523809523812	0.7529761904761905	0.7559523809523809	0.7559523809523809	0.75	0.7559523809523809
0.6350806451612904	0.6330645161290323	0.6370967741935485	0.6310483870967742	0.6310483870967742	0.6290322580645161	0.627016129032258	0.627016129032258	0.6169354838709677	0.6209677419354839	0.6129032258064516
144.3125	144.1875	145.0625	142.625	142.0	142.3125	141.1875	142.25	142.125	142.25	141.5625
-----------------------------------------------------
[0.5, 0.55, 0.6, 0.65, 0.7, 0.75, 0.8, 0.85, 0.9, 0.95, 1]
0.9197860962566844	0.9197860962566843	0.9197860962566844	0.9358288770053474	0.9304812834224597	0.925133689839572	0.925133689839572	0.925133689839572	0.9197860962566843	0.9197860962566843	0.9197860962566843
0.7507002801120448	0.7535014005602241	0.7591036414565826	0.7450980392156863	0.7535014005602241	0.7563025210084036	0.7535014005602241	0.7563025210084033	0.7563025210084033	0.7507002801120448	0.7563025210084033
0.6337760910815939	0.6318785578747628	0.6356736242884251	0.6280834914611005	0.6299810246679317	0.6280834914611005	0.6261859582542694	0.6261859582542694	0.6148007590132827	0.6185958254269449	0.6110056925996205
144.47058823529412	144.35294117647058	145.11764705882354	142.64705882352942	141.88235294117646	142.1764705882353	140.88235294117646	141.88235294117646	141.7058823529412	141.8235294117647	141.1764705882353
-----------------------------------------------------
[0.5, 0.55, 0.6, 0.65, 0.7, 0.75, 0.8, 0.85, 0.9, 0.95, 1]
0.9191919191919191	0.9191919191919191	0.9191919191919191	0.9343434343434343	0.9292929292929291	0.9242424242424241	0.9242424242424241	0.9242424242424241	0.9191919191919191	0.9191919191919191	0.9191919191919191
0.7486772486772487	0.7513227513227513	0.7566137566137566	0.7433862433862434	0.7513227513227513	0.7539682539682542	0.7513227513227513	0.753968253968254	0.753968253968254	0.7486772486772487	0.753968253968254
0.6344086021505376	0.6326164874551972	0.6362007168458782	0.6290322580645161	0.6308243727598567	0.6290322580645161	0.6272401433691756	0.6272401433691756	0.6164874551971326	0.6200716845878136	0.6129032258064515
143.5	143.38888888888889	144.11111111111111	141.77777777777777	141.05555555555554	141.33333333333334	140.11111111111111	141.05555555555554	140.88888888888889	140.88888888888889	140.27777777777777
-----------------------------------------------------
[0.5, 0.55, 0.6, 0.65, 0.7, 0.75, 0.8, 0.85, 0.9, 0.95, 1]
0.923444976076555	0.923444976076555	0.923444976076555	0.9377990430622009	0.9330143540669854	0.9282296650717702	0.9282296650717702	0.9282296650717702	0.923444976076555	0.923444976076555	0.923444976076555
0.7468671679197995	0.7493734335839598	0.7543859649122806	0.7418546365914787	0.7493734335839598	0.7518796992481205	0.7518796992481203	0.7568922305764412	0.7568922305764412	0.7518796992481204	0.7568922305764412
0.6332767402376911	0.631578947368421	0.6349745331069611	0.6281833616298812	0.6298811544991512	0.6281833616298812	0.6281833616298811	0.6264855687606111	0.6162988115449914	0.6196943972835314	0.6146010186757215
141.6315789473684	141.6315789473684	142.31578947368422	140.10526315789474	139.26315789473685	139.52631578947367	138.94736842105263	139.57894736842104	139.57894736842104	139.57894736842104	139.05263157894737
-----------------------------------------------------
[0.5, 0.55, 0.6, 0.65, 0.7, 0.75, 0.8, 0.85, 0.9, 0.95, 1]
0.9227272727272726	0.9227272727272726	0.9227272727272726	0.9363636363636363	0.9318181818181817	0.9272727272727271	0.9272727272727271	0.9272727272727271	0.9227272727272726	0.9227272727272726	0.9272727272727271
0.7452380952380951	0.7476190476190475	0.7523809523809523	0.7404761904761904	0.7476190476190475	0.7500000000000001	0.7499999999999999	0.7547619047619047	0.7547619047619047	0.75	0.7547619047619047
0.6338709677419355	0.635483870967742	0.6370967741935485	0.6306451612903226	0.6322580645161291	0.632258064516129	0.6322580645161289	0.6306451612903226	0.6209677419354838	0.6209677419354838	0.614516129032258
141.95	142.45	143.05	140.95	139.75	140.15	139.6	140.2	140.2	140.05	139.4
-----------------------------------------------------
[0.5, 0.55, 0.6, 0.65, 0.7, 0.75, 0.8, 0.85, 0.9, 0.95, 1]
0.922077922077922	0.9264069264069263	0.9264069264069263	0.9393939393939393	0.9350649350649349	0.9307359307359306	0.9307359307359306	0.9264069264069263	0.922077922077922	0.9264069264069263	0.9307359307359306
0.7437641723356008	0.748299319727891	0.7505668934240362	0.7437641723356009	0.7505668934240363	0.7528344671201815	0.7528344671201813	0.7573696145124716	0.7573696145124716	0.7528344671201814	0.7573696145124716
0.6328725038402458	0.6344086021505376	0.6328725038402458	0.6298003072196621	0.631336405529954	0.631336405529954	0.6313364055299538	0.6282642089093701	0.619047619047619	0.6205837173579108	0.6144393241167434
140.33333333333334	140.85714285714286	141.61904761904762	139.95238095238096	138.8095238095238	139.1904761904762	138.66666666666666	139.04761904761904	139.04761904761904	139.14285714285714	138.52380952380952
-----------------------------------------------------
[0.5, 0.55, 0.6, 0.65, 0.7, 0.75, 0.8, 0.85, 0.9, 0.95, 1]
0.9214876033057852	0.9256198347107438	0.9256198347107438	0.9380165289256198	0.933884297520661	0.9297520661157024	0.9297520661157024	0.9256198347107438	0.9214876033057852	0.9256198347107438	0.9297520661157024
0.7424242424242423	0.7489177489177489	0.7489177489177489	0.7445887445887446	0.751082251082251	0.7532467532467533	0.7532467532467532	0.7575757575757577	0.7575757575757577	0.7532467532467533	0.7575757575757577
0.6290322580645161	0.6319648093841642	0.6304985337243403	0.6275659824046921	0.6290322580645161	0.6304985337243402	0.6304985337243401	0.627565982404692	0.6187683284457477	0.6202346041055719	0.6114369501466276
139.5909090909091	140.1818181818182	140.95454545454547	139.27272727272728	138.13636363636363	138.5909090909091	138.0909090909091	138.5	138.5	138.5909090909091	138.0909090909091
-----------------------------------------------------
[0.5, 0.55, 0.6, 0.65, 0.7, 0.75, 0.8, 0.85, 0.9, 0.95, 1]
0.924901185770751	0.9288537549407114	0.9288537549407114	0.9407114624505929	0.9328063241106719	0.9288537549407114	0.9249011857707509	0.9209486166007904	0.91699604743083	0.9209486166007904	0.9249011857707509
0.7432712215320911	0.7494824016563146	0.7494824016563146	0.7453416149068323	0.7515527950310559	0.751552795031056	0.753623188405797	0.7577639751552796	0.7577639751552796	0.7536231884057972	0.7577639751552796
0.6297335203366059	0.6325385694249649	0.6311360448807855	0.6283309957924264	0.6297335203366059	0.6283309957924264	0.6283309957924262	0.6255259467040672	0.61711079943899	0.6199158485273493	0.6115007012622721
139.04347826086956	139.52173913043478	140.2608695652174	138.47826086956522	137.3913043478261	138.30434782608697	137.8695652173913	138.2608695652174	138.2608695652174	138.3913043478261	137.91304347826087
-----------------------------------------------------
[0.5, 0.55, 0.6, 0.65, 0.7, 0.75, 0.8, 0.85, 0.9, 0.95, 1]
0.9242424242424243	0.9280303030303031	0.9280303030303031	0.9393939393939394	0.9318181818181818	0.9280303030303031	0.9242424242424242	0.9204545454545454	0.9166666666666666	0.9204545454545454	0.9242424242424242
0.748015873015873	0.753968253968254	0.753968253968254	0.748015873015873	0.753968253968254	0.7539682539682541	0.753968253968254	0.757936507936508	0.757936507936508	0.7539682539682541	0.757936507936508
0.6317204301075269	0.6344086021505376	0.6330645161290324	0.6303763440860215	0.6290322580645161	0.6317204301075269	0.6276881720430106	0.6263440860215053	0.618279569892473	0.6209677419354839	0.6115591397849462
140.04166666666666	140.5	141.20833333333334	139.08333333333334	138.04166666666666	139.125	138.45833333333334	138.79166666666666	138.79166666666666	138.95833333333334	138.375
-----------------------------------------------------
[0.5, 0.55, 0.6, 0.65, 0.7, 0.75, 0.8, 0.85, 0.9, 0.95, 1]
0.9272727272727274	0.9309090909090909	0.9309090909090909	0.9418181818181819	0.9345454545454546	0.9309090909090909	0.9272727272727272	0.9236363636363636	0.92	0.9236363636363636	0.9272727272727272
0.7466666666666667	0.7523809523809524	0.7523809523809524	0.7466666666666667	0.7542857142857143	0.7542857142857144	0.7542857142857143	0.7580952380952383	0.7580952380952383	0.7542857142857144	0.7580952380952383
0.6322580645161291	0.6335483870967742	0.6322580645161291	0.6296774193548387	0.6283870967741936	0.6309677419354839	0.6270967741935484	0.6258064516129032	0.6180645161290321	0.6232258064516129	0.6129032258064516
139.36	139.6	140.28	138.24	137.12	138.16	137.52	137.84	137.84	138.2	137.8
-----------------------------------------------------
[0.5, 0.55, 0.6, 0.65, 0.7, 0.75, 0.8, 0.85, 0.9, 0.95, 1]
0.9265734265734267	0.9300699300699301	0.9300699300699301	0.9405594405594406	0.9335664335664335	0.9300699300699301	0.9265734265734266	0.9230769230769231	0.9195804195804196	0.9230769230769231	0.9265734265734266
0.7435897435897437	0.750915750915751	0.750915750915751	0.7454212454212455	0.7527472527472528	0.752747252747253	0.7545787545787547	0.7582417582417584	0.7564102564102566	0.752747252747253	0.7564102564102566
0.6327543424317619	0.6327543424317617	0.6339950372208437	0.6315136476426798	0.630272952853598	0.6327543424317617	0.629032258064516	0.6277915632754342	0.619106699751861	0.6240694789081886	0.6153846153846154
138.3846153846154	138.6153846153846	139.34615384615384	137.3846153846154	136.30769230769232	137.30769230769232	136.73076923076923	137.03846153846155	136.8846153846154	137.23076923076923	136.69230769230768
-----------------------------------------------------
[0.5, 0.55, 0.6, 0.65, 0.7, 0.75, 0.8, 0.85, 0.9, 0.95, 1]
0.925925925925926	0.9292929292929294	0.9292929292929294	0.9427609427609428	0.9360269360269361	0.9326599326599327	0.9292929292929293	0.9259259259259259	0.9225589225589226	0.9259259259259259	0.9292929292929293
0.742504409171076	0.7495590828924164	0.7495590828924164	0.744268077601411	0.7513227513227514	0.7513227513227515	0.7530864197530865	0.7566137566137568	0.7548500881834217	0.7513227513227515	0.7548500881834217
0.6320191158900837	0.6308243727598566	0.6320191158900837	0.6308243727598566	0.6296296296296297	0.6320191158900835	0.6284348864994025	0.6272401433691756	0.6188769414575865	0.6236559139784946	0.6152927120669056
138.1851851851852	138.40740740740742	139.11111111111111	137.59259259259258	136.55555555555554	137.5185185185185	136.96296296296296	137.25925925925927	137.11111111111111	137.44444444444446	136.92592592592592
-----------------------------------------------------
[0.5, 0.55, 0.6, 0.65, 0.7, 0.75, 0.8, 0.85, 0.9, 0.95, 1]
0.9253246753246754	0.9253246753246753	0.9285714285714287	0.9383116883116883	0.9318181818181818	0.9285714285714286	0.9253246753246752	0.9253246753246753	0.9220779220779222	0.9253246753246753	0.9253246753246752
0.7414965986394559	0.7500000000000001	0.7482993197278913	0.7448979591836736	0.751700680272109	0.7534013605442179	0.7534013605442178	0.7585034013605444	0.7568027210884356	0.7534013605442179	0.7568027210884356
0.6336405529953917	0.6313364055299538	0.6336405529953917	0.6324884792626727	0.6313364055299538	0.6336405529953916	0.629032258064516	0.629032258064516	0.6209677419354838	0.6255760368663594	0.6163594470046083
139.42857142857142	139.14285714285714	139.85714285714286	138.42857142857142	137.42857142857142	138.35714285714286	137.82142857142858	138.21428571428572	138.07142857142858	138.39285714285714	138.0
-----------------------------------------------------
[0.5, 0.55, 0.6, 0.65, 0.7, 0.75, 0.8, 0.85, 0.9, 0.95, 1]
0.9216300940438873	0.9216300940438871	0.9247648902821317	0.9341692789968652	0.9278996865203761	0.9247648902821316	0.9247648902821316	0.9247648902821317	0.9216300940438873	0.9247648902821317	0.9247648902821316
0.7405582922824304	0.7504105090311989	0.7487684729064041	0.7454844006568146	0.7504105090311989	0.7536945812807885	0.7520525451559936	0.756978653530378	0.7553366174055832	0.7520525451559937	0.7553366174055832
0.6329254727474972	0.6307007786429366	0.6329254727474972	0.6318131256952169	0.6307007786429366	0.6318131256952169	0.6284760845383759	0.6284760845383759	0.6195773081201333	0.625139043381535	0.6162402669632926
140.58620689655172	140.27586206896552	140.9655172413793	139.58620689655172	138.48275862068965	139.44827586206895	138.82758620689654	139.20689655172413	138.86206896551724	139.10344827586206	138.72413793103448
-----------------------------------------------------
[0.5, 0.55, 0.6, 0.65, 0.7, 0.75, 0.8, 0.85, 0.9, 0.95, 1]
0.9242424242424243	0.9242424242424242	0.9272727272727274	0.9363636363636363	0.9303030303030302	0.9272727272727272	0.9272727272727272	0.9272727272727274	0.9242424242424243	0.9272727272727274	0.9272727272727272
0.7428571428571431	0.7523809523809526	0.750793650793651	0.7476190476190478	0.7523809523809526	0.7539682539682543	0.7523809523809526	0.7571428571428575	0.7555555555555559	0.7523809523809527	0.7555555555555559
0.6365591397849463	0.632258064516129	0.6344086021505376	0.6333333333333332	0.6311827956989247	0.632258064516129	0.629032258064516	0.629032258064516	0.6204301075268817	0.6258064516129032	0.6172043010752688
140.83333333333334	140.36666666666667	141.43333333333334	140.13333333333333	138.96666666666667	139.9	139.3	139.66666666666666	139.33333333333334	139.6	139.23333333333332
-----------------------------------------------------
[0.5, 0.55, 0.6, 0.65, 0.7, 0.75, 0.8, 0.85, 0.9, 0.95, 1]
0.9208211143695015	0.9208211143695014	0.9266862170087977	0.9325513196480938	0.9266862170087975	0.9237536656891494	0.9237536656891494	0.9237536656891495	0.9208211143695015	0.9237536656891495	0.9237536656891494
0.7373271889400924	0.7465437788018435	0.7465437788018435	0.7434715821812599	0.7480798771121354	0.7496159754224273	0.7480798771121354	0.7526881720430111	0.7511520737327192	0.7480798771121355	0.7511520737327192
0.6326742976066597	0.6295525494276794	0.6326742976066597	0.6326742976066596	0.6305931321540063	0.6316337148803329	0.6285119667013527	0.627471383975026	0.619146722164412	0.6243496357960459	0.6160249739854319
140.67741935483872	140.16129032258064	141.6451612903226	140.29032258064515	139.16129032258064	140.06451612903226	139.48387096774192	139.90322580645162	139.58064516129033	139.90322580645162	139.5483870967742
-----------------------------------------------------
[0.5, 0.55, 0.6, 0.65, 0.7, 0.75, 0.8, 0.85, 0.9, 0.95, 1]
0.9204545454545455	0.9204545454545454	0.9261363636363638	0.9318181818181818	0.9261363636363635	0.9232954545454545	0.9232954545454545	0.9232954545454546	0.9204545454545455	0.9232954545454546	0.9204545454545453
0.7380952380952384	0.7470238095238098	0.7470238095238098	0.7440476190476193	0.748511904761905	0.7500000000000003	0.748511904761905	0.7529761904761908	0.7514880952380956	0.7485119047619051	0.7514880952380956
0.6320564516129032	0.629032258064516	0.6320564516129032	0.6320564516129031	0.6300403225806451	0.6300403225806451	0.627016129032258	0.626008064516129	0.6179435483870968	0.622983870967742	0.6149193548387097
140.34375	139.84375	141.09375	139.78125	138.6875	139.28125	138.65625	139.0625	138.75	139.375	139.15625
-----------------------------------------------------
[0.5, 0.55, 0.6, 0.65, 0.7, 0.75, 0.8, 0.85, 0.9, 0.95, 1]
0.9228650137741048	0.9228650137741047	0.9256198347107439	0.931129476584022	0.9256198347107437	0.9228650137741047	0.9228650137741047	0.9256198347107438	0.9228650137741048	0.9256198347107438	0.9228650137741046
0.7402597402597405	0.7489177489177492	0.7474747474747477	0.7431457431457434	0.7489177489177492	0.7503607503607507	0.7489177489177492	0.7532467532467536	0.7518037518037521	0.7489177489177493	0.7518037518037521
0.6344086021505377	0.6314760508308894	0.6324535679374389	0.6324535679374388	0.6314760508308894	0.6314760508308894	0.6285434995112413	0.624633431085044	0.6168132942326491	0.621700879765396	0.6138807429130011
139.84848484848484	139.3939393939394	140.66666666666666	139.33333333333334	138.21212121212122	138.78787878787878	138.1818181818182	138.66666666666666	138.36363636363637	138.96969696969697	138.75757575757575
-----------------------------------------------------
[0.5, 0.55, 0.6, 0.65, 0.7, 0.75, 0.8, 0.85, 0.9, 0.95, 1]
0.9251336898395722	0.9251336898395721	0.9278074866310162	0.9331550802139037	0.927807486631016	0.9251336898395721	0.9251336898395721	0.9251336898395722	0.9224598930481285	0.9278074866310161	0.925133689839572
0.7408963585434176	0.7492997198879554	0.7478991596638658	0.7436974789915969	0.7492997198879554	0.7507002801120451	0.7492997198879554	0.754901960784314	0.7535014005602244	0.7507002801120451	0.7535014005602244
0.6347248576850095	0.6318785578747628	0.6328273244781784	0.6318785578747628	0.6309297912713472	0.6309297912713472	0.6280834914611004	0.6242884250474383	0.6166982922201139	0.6204933586337762	0.6129032258064517
139.23529411764707	138.6764705882353	139.91176470588235	138.76470588235293	137.6764705882353	138.1764705882353	137.58823529411765	137.94117647058823	137.64705882352942	138.3235294117647	138.11764705882354
-----------------------------------------------------
[0.5, 0.55, 0.6, 0.65, 0.7, 0.75, 0.8, 0.85, 0.9, 0.95, 1]
0.9246753246753248	0.9246753246753245	0.9272727272727275	0.9324675324675323	0.9272727272727272	0.9246753246753245	0.922077922077922	0.922077922077922	0.9194805194805197	0.9246753246753248	0.9246753246753245
0.741496598639456	0.7496598639455785	0.7482993197278914	0.7442176870748303	0.7496598639455785	0.7510204081632657	0.7482993197278914	0.7537414965986399	0.7523809523809527	0.7496598639455786	0.7523809523809527
0.6350230414746544	0.632258064516129	0.6331797235023041	0.633179723502304	0.632258064516129	0.632258064516129	0.6276497695852534	0.623963133640553	0.6165898617511522	0.6193548387096776	0.6129032258064517
138.68571428571428	138.14285714285714	139.37142857142857	138.2	137.14285714285714	137.62857142857143	137.14285714285714	137.54285714285714	137.4857142857143	138.17142857142858	137.8
-----------------------------------------------------
[0.5, 0.55, 0.6, 0.65, 0.7, 0.75, 0.8, 0.85, 0.9, 0.95, 1]
0.9242424242424243	0.9242424242424241	0.9267676767676769	0.9318181818181817	0.9267676767676767	0.9242424242424241	0.9217171717171717	0.9217171717171717	0.9191919191919192	0.9242424242424243	0.9242424242424241
0.7420634920634924	0.7500000000000003	0.7473544973544977	0.7433862433862437	0.7486772486772489	0.7500000000000004	0.7473544973544977	0.752645502645503	0.752645502645503	0.7500000000000004	0.752645502645503
0.6362007168458781	0.6335125448028672	0.6344086021505375	0.6344086021505375	0.6335125448028672	0.6335125448028672	0.629032258064516	0.6254480286738351	0.6182795698924731	0.620967741935484	0.6146953405017922
137.88888888888889	137.30555555555554	138.44444444444446	137.27777777777777	136.25	136.72222222222223	136.33333333333334	136.72222222222223	136.69444444444446	137.36111111111111	137.0
-----------------------------------------------------
[0.5, 0.55, 0.6, 0.65, 0.7, 0.75, 0.8, 0.85, 0.9, 0.95, 1]
0.9238329238329238	0.9238329238329236	0.9262899262899263	0.931203931203931	0.9262899262899261	0.9262899262899261	0.9213759213759213	0.9213759213759213	0.9213759213759214	0.9238329238329238	0.9238329238329236
0.7425997425997429	0.7503217503217506	0.7477477477477481	0.7451737451737455	0.7503217503217506	0.751608751608752	0.7490347490347493	0.7541827541827546	0.7528957528957533	0.7503217503217507	0.7528957528957533
0.6355710549258936	0.6329555361813425	0.6346992153443766	0.6338273757628595	0.6346992153443765	0.6338273757628595	0.6294681778552745	0.6259808195292066	0.6190061028770706	0.6224934612031386	0.6155187445510026
138.1081081081081	137.54054054054055	138.54054054054055	137.45945945945945	136.1081081081081	136.75675675675674	136.67567567567568	137.16216216216216	136.97297297297297	137.78378378378378	137.35135135135135
-----------------------------------------------------
[0.5, 0.55, 0.6, 0.65, 0.7, 0.75, 0.8, 0.85, 0.9, 0.95, 1]
0.923444976076555	0.9234449760765547	0.9258373205741627	0.9306220095693777	0.9258373205741625	0.9258373205741625	0.9210526315789472	0.9210526315789472	0.9210526315789473	0.923444976076555	0.9234449760765547
0.7443609022556394	0.7518796992481206	0.7493734335839602	0.7468671679197998	0.7506265664160404	0.7518796992481207	0.7493734335839602	0.7531328320802009	0.7518796992481207	0.7493734335839604	0.7518796992481207
0.6358234295415959	0.6332767402376909	0.6349745331069608	0.6341256366723258	0.6349745331069607	0.6341256366723258	0.6298811544991509	0.6264855687606111	0.6196943972835314	0.6230899830220714	0.6162988115449916
138.42105263157896	137.8421052631579	138.8421052631579	137.78947368421052	136.3421052631579	136.97368421052633	136.89473684210526	137.52631578947367	137.3421052631579	138.1315789473684	137.68421052631578
-----------------------------------------------------
[0.5, 0.55, 0.6, 0.65, 0.7, 0.75, 0.8, 0.85, 0.9, 0.95, 1]
0.9160839160839159	0.9160839160839157	0.9184149184149183	0.9230769230769227	0.9230769230769229	0.9254079254079252	0.9207459207459205	0.9184149184149183	0.9184149184149185	0.9207459207459207	0.9207459207459205
0.7411477411477415	0.7484737484737488	0.7460317460317464	0.743589743589744	0.7484737484737488	0.7496947496947501	0.7472527472527476	0.7521367521367526	0.7509157509157514	0.7484737484737489	0.7509157509157514
0.6344086021505376	0.6319272125723737	0.6344086021505375	0.6319272125723737	0.6327543424317615	0.6319272125723737	0.6277915632754341	0.6244830438378824	0.6178660049627791	0.6220016542597189	0.6153846153846155
137.30769230769232	136.74358974358975	137.71794871794873	136.71794871794873	135.53846153846155	136.28205128205127	136.2051282051282	136.76923076923077	136.66666666666666	137.53846153846155	137.10256410256412
-----------------------------------------------------
[0.5, 0.55, 0.6, 0.65, 0.7, 0.75, 0.8, 0.85, 0.9, 0.95, 1]
0.9159090909090907	0.9159090909090905	0.9204545454545453	0.9249999999999996	0.9227272727272725	0.9227272727272725	0.9227272727272725	0.9204545454545453	0.9204545454545455	0.9227272727272726	0.9227272727272725
0.7404761904761908	0.747619047619048	0.7440476190476194	0.7428571428571432	0.747619047619048	0.7488095238095243	0.747619047619048	0.7523809523809528	0.7511904761904766	0.7488095238095243	0.7511904761904766
0.6330645161290323	0.6314516129032257	0.6338709677419354	0.6306451612903224	0.6298387096774192	0.6290322580645159	0.6266129032258063	0.6233870967741935	0.6169354838709677	0.620967741935484	0.6145161290322582
136.4	135.725	136.6	135.75	134.725	135.525	135.375	135.925	135.825	136.675	136.25
-----------------------------------------------------
[0.5, 0.55, 0.6, 0.65, 0.7, 0.75, 0.8, 0.85, 0.9, 0.95, 1]
0.915742793791574	0.9157427937915738	0.9201773835920175	0.9246119733924608	0.9223946784922392	0.9223946784922392	0.9223946784922392	0.9201773835920175	0.9201773835920177	0.9223946784922393	0.9223946784922392
0.7398373983739841	0.7468060394889667	0.7433217189314755	0.7421602787456449	0.7468060394889667	0.7491289198606277	0.7479674796747972	0.752613240418119	0.7502903600464581	0.7479674796747973	0.7502903600464581
0.6349331235247837	0.6317859952793076	0.6341463414634145	0.6286388670338314	0.6278520849724624	0.6262785208497245	0.6254917387883555	0.6223446105428796	0.6168371361132966	0.6215578284815108	0.6152635719905587
136.6341463414634	135.73170731707316	136.6341463414634	135.4390243902439	134.4390243902439	135.1219512195122	134.9512195121951	135.609756097561	135.4878048780488	136.3658536585366	135.9512195121951
-----------------------------------------------------
[0.5, 0.55, 0.6, 0.65, 0.7, 0.75, 0.8, 0.85, 0.9, 0.95, 1]
0.9155844155844152	0.9177489177489173	0.9220779220779219	0.926406926406926	0.924242424242424	0.924242424242424	0.924242424242424	0.9220779220779219	0.922077922077922	0.9242424242424241	0.924242424242424
0.7403628117913836	0.747165532879819	0.7437641723356013	0.7426303854875288	0.747165532879819	0.7494331065759642	0.7482993197278915	0.7528344671201819	0.7505668934240367	0.7494331065759642	0.7517006802721093
0.6359447004608295	0.6321044546850997	0.6344086021505375	0.6298003072196618	0.62826420890937	0.6267281105990781	0.6259600614439323	0.6228878648233487	0.6175115207373272	0.6221198156682028	0.6159754224270354
136.35714285714286	135.42857142857142	136.28571428571428	135.14285714285714	134.11904761904762	134.76190476190476	134.5952380952381	135.23809523809524	135.11904761904762	135.78571428571428	135.38095238095238
-----------------------------------------------------
[0.5, 0.55, 0.6, 0.65, 0.7, 0.75, 0.8, 0.85, 0.9, 0.95, 1]
0.9133192389006339	0.9175475687103589	0.9217758985200843	0.9260042283298092	0.9238900634249468	0.9238900634249468	0.9238900634249468	0.9217758985200843	0.9217758985200845	0.923890063424947	0.9238900634249468
0.7408637873754157	0.747508305647841	0.7441860465116282	0.7430786267995575	0.747508305647841	0.7497231450719827	0.747508305647841	0.7519379844961244	0.7497231450719827	0.7486157253599118	0.7508305647840536
0.6339084771192798	0.6301575393848461	0.6324081020255062	0.6286571642910725	0.6271567891972991	0.6256564141035257	0.6241560390097523	0.6211552888222055	0.6159039759939984	0.6196549137284322	0.6136534133533385
136.2325581395349	135.1860465116279	136.02325581395348	134.97674418604652	133.97674418604652	134.62790697674419	134.27906976744185	134.90697674418604	134.7906976744186	135.27906976744185	134.88372093023256
-----------------------------------------------------
[0.5, 0.55, 0.6, 0.65, 0.7, 0.75, 0.8, 0.85, 0.9, 0.95, 1]
0.9132231404958674	0.9173553719008258	0.9214876033057848	0.9256198347107433	0.9235537190082641	0.9235537190082641	0.9235537190082641	0.9214876033057848	0.9214876033057849	0.9235537190082642	0.9235537190082641
0.7402597402597407	0.7467532467532472	0.7435064935064939	0.7424242424242429	0.7478354978354982	0.7500000000000003	0.7489177489177493	0.7521645021645025	0.7489177489177493	0.7478354978354983	0.7489177489177493
0.6341642228739003	0.6304985337243401	0.6319648093841641	0.6290322580645159	0.6275659824046919	0.6260997067448678	0.6253665689149558	0.6224340175953078	0.6143695014662756	0.6187683284457479	0.6129032258064517
137.11363636363637	136.0909090909091	136.8409090909091	135.79545454545453	134.6818181818182	135.3181818181818	135.04545454545453	135.63636363636363	135.27272727272728	135.75	135.0681818181818
-----------------------------------------------------
[0.5, 0.55, 0.6, 0.65, 0.7, 0.75, 0.8, 0.85, 0.9, 0.95, 1]
0.9090909090909087	0.9131313131313126	0.9131313131313129	0.9191919191919187	0.9171717171717167	0.9151515151515148	0.9171717171717167	0.9151515151515148	0.9151515151515149	0.9171717171717169	0.9171717171717167
0.738624338624339	0.7449735449735453	0.7417989417989421	0.7396825396825402	0.7449735449735453	0.7481481481481485	0.7470899470899475	0.7502645502645505	0.7470899470899475	0.7460317460317465	0.7470899470899475
0.632258064516129	0.6286738351254478	0.6301075268817203	0.6265232974910392	0.6250896057347668	0.6236559139784944	0.6229390681003583	0.6200716845878135	0.6121863799283153	0.6164874551971327	0.6121863799283156
137.04444444444445	136.04444444444445	136.77777777777777	135.48888888888888	134.4	135.0222222222222	134.75555555555556	135.33333333333334	134.9777777777778	135.2888888888889	134.6
-----------------------------------------------------
[0.5, 0.55, 0.6, 0.65, 0.7, 0.75, 0.8, 0.85, 0.9, 0.95, 1]
0.9031620553359679	0.9090909090909085	0.9071146245059285	0.913043478260869	0.9130434782608691	0.911067193675889	0.9130434782608691	0.911067193675889	0.9110671936758891	0.9130434782608693	0.9130434782608691
0.7360248447204973	0.7432712215320914	0.7401656314699795	0.7380952380952385	0.7422360248447208	0.7463768115942031	0.7463768115942032	0.749482401656315	0.7463768115942032	0.7453416149068327	0.7463768115942032
0.6297335203366058	0.6269284712482467	0.6283309957924262	0.6248246844319774	0.6234221598877978	0.6213183730715286	0.6213183730715286	0.6185133239831696	0.6107994389901822	0.615007012622721	0.6107994389901824
136.47826086956522	135.84782608695653	136.52173913043478	135.2608695652174	134.1304347826087	134.65217391304347	134.41304347826087	134.97826086956522	134.6304347826087	134.93478260869566	134.2608695652174
-----------------------------------------------------
[0.5, 0.55, 0.6, 0.65, 0.7, 0.75, 0.8, 0.85, 0.9, 0.95, 1]
0.9032882011605411	0.9090909090909085	0.9071566731141195	0.9129593810444868	0.9129593810444869	0.9110251450676978	0.9129593810444869	0.9110251450676978	0.911025145067698	0.912959381044487	0.9129593810444869
0.7375886524822699	0.7446808510638301	0.7416413373860185	0.7396149949341443	0.743667679837893	0.7477203647416416	0.7477203647416417	0.7507598784194531	0.7477203647416417	0.7467071935157046	0.7477203647416417
0.6307481125600548	0.6280027453671926	0.6293754289636236	0.625943719972546	0.624571036376115	0.6231983527796842	0.6231983527796842	0.6204529855868222	0.6122168840082359	0.6163349347975292	0.6122168840082362
136.40425531914894	135.61702127659575	136.27659574468086	135.04255319148936	133.93617021276594	134.5744680851064	134.3404255319149	134.87234042553192	134.46808510638297	134.7659574468085	134.10638297872342
-----------------------------------------------------
[0.5, 0.55, 0.6, 0.65, 0.7, 0.75, 0.8, 0.85, 0.9, 0.95, 1]
0.8977272727272722	0.9034090909090903	0.9034090909090905	0.9090909090909084	0.9109848484848481	0.9071969696969693	0.9090909090909086	0.9071969696969693	0.9071969696969694	0.9128787878787875	0.9128787878787873
0.737103174603175	0.7440476190476194	0.7410714285714288	0.739087301587302	0.7430555555555559	0.7470238095238098	0.7470238095238099	0.7500000000000003	0.7470238095238099	0.7470238095238099	0.7480158730158734
0.6303763440860214	0.6276881720430105	0.6290322580645159	0.6256720430107524	0.624327956989247	0.6223118279569891	0.6223118279569891	0.6202956989247311	0.6122311827956988	0.6169354838709677	0.6129032258064516
136.54166666666666	135.77083333333334	136.4375	135.27083333333334	134.27083333333334	134.58333333333334	134.35416666666666	134.91666666666666	134.52083333333334	134.95833333333334	134.3125
-----------------------------------------------------
[0.5, 0.55, 0.6, 0.65, 0.7, 0.75, 0.8, 0.85, 0.9, 0.95, 1]
0.892393320964749	0.8979591836734686	0.8979591836734689	0.9035250463821886	0.905380333951762	0.9016697588126155	0.9035250463821887	0.9016697588126155	0.903525046382189	0.9090909090909087	0.9090909090909085
0.7356656948493687	0.742468415937804	0.7395529640427602	0.7376093294460645	0.7414965986394562	0.7453838678328476	0.7453838678328477	0.7482993197278914	0.7444120505344999	0.7444120505344999	0.7453838678328477
0.62936142198815	0.6267281105990782	0.628044766293614	0.6247531270572743	0.6234364713627384	0.6214614878209347	0.6214614878209347	0.619486504279131	0.6115865701119156	0.6161948650427913	0.6122448979591838
136.16326530612244	135.53061224489795	136.18367346938774	135.0408163265306	133.9795918367347	134.22448979591837	134.0	134.55102040816325	134.12244897959184	134.55102040816325	133.91836734693877
-----------------------------------------------------
[0.5, 0.55, 0.6, 0.65, 0.7, 0.75, 0.8, 0.85, 0.9, 0.95, 1]
0.8909090909090903	0.8963636363636357	0.896363636363636	0.9018181818181812	0.9036363636363631	0.8999999999999996	0.9018181818181813	0.8999999999999996	0.9018181818181816	0.9072727272727269	0.9072727272727268
0.7361904761904765	0.743809523809524	0.7409523809523811	0.7390476190476194	0.7428571428571432	0.7466666666666668	0.746666666666667	0.7495238095238098	0.7447619047619051	0.7447619047619051	0.745714285714286
0.6290322580645161	0.6283870967741934	0.6296774193548386	0.6264516129032256	0.6251612903225804	0.6232258064516129	0.6232258064516129	0.6212903225806451	0.6135483870967741	0.6180645161290323	0.6135483870967743
136.92	136.18	136.86	135.74	134.7	134.94	134.72	135.26	134.78	135.2	134.58
-----------------------------------------------------
